salesforce_id,supplier_name
001b000003OCcd8AAD,Addleshaw Goddard LLP
001b000003OCdwFAAT,ALD Automotive Ltd
001b000003OCd7tAAD,Alexander-Dennis Ltd
001b000003OCd0bAAD,Alphabet (GB) Limited
001b000003OCeB1AAL,APD Communications Ltd
001b000003OCcehAAD,Arnold Clark Car & Van Rental
001b000003OCco9AAD,Arnold Clark Vehicle Management
001b000003OCcaeAAD,Arval UK Ltd
001b000003OCdNQAA1,Ashurst LLP
001b000003OCeB2AAL,Ashwoods Automotive Limited
001b000003OCdP9AAL,ATS Euromaster Ltd
001b000003OCd2UAAT,Audi UK Ltd
001b000003OCdAwAAL,Babcock Land Ltd
001b000003OCczTAAT,Berendsen UK Limited
001b000003OCccgAAD,Bevan Brittan LLP
001b000003OCd1qAAD,BMW UK Ltd
001b000003OCcd1AAD,Bond Dickinson LLP
001b000003OCd2iAAD,Browne Jacobson LLP
001b000003OCceyAAD,BRYAN CAVE LEIGHTON PAISNER LLP
001b000003OCdAxAAL,BT Fleet
001b000003OCcd9AAD,Burges Salmon LLP
001b000003OCcw6AAD,Central Laundry
001b000003OCd0HAAT,Citroen UK Ltd
001b000003VYGhoAAH,Clifford Chance LLP
001b000003OCeB3AAL,Ctrack Ltd
001b000003hYwMXAA0,DAC Beachcroft LLP
001b000003OCdnXAAT,DAF TRUCKS LTD
001b000003OCdwIAAT,Dawsonrentals Truck and Trailer Ltd
001b000003OCd7uAAD,Dennis Eagle Limited
001b000003V5GxNAAV,Dentons UK MEA LLP
001b000003OCcf4AAD,DLA Piper LLP
001b000003OCdnYAAT,DUCATI UK LTD
001b000003OCeB5AAL,E-Pire Limited
001b000003OCdJIAA1,East Lancashire Hospitals NHS Trust
001b000003OCeB4AAL,EDC Systems Ltd
001b000003OCcekAAD,Enterprise Rent-A-Car
001b000003OCcd2AAD,Eversheds Sutherland (International) LLP
001b000003OCd7vAAD,EvoBus (UK) Ltd
001b000003OCeB6AAL,Exeros Technologies
001b000003OCcweAAD,Express Linen Services Limited
001b000003OCd0SAAT,Fiat Group Automobiles UK Ltd
001b000003OCccxAAD,Field Fisher Waterhouse
001b000003OCdwGAAT,Fleetcare
001b000003OCd7wAAD,FORD MOTOR COMPANY LTD
001b000003OCdAyAAL,Fraikin Ltd
001b000003OCcf5AAD,Freshfields Bruckhaus Deringer
001b000003OCd1oAAD,General Motors UK Ltd
001b000003OCdwHAAT,GMP Drivercare Ltd
001b000003OCcwpAAD,GOODYEAR DUNLOP TYRES UK Ltd
001b000003OCcckAAD,Gowling WLG (UK) LLP
001b000003OCdnZAAT,HEIL FARID EUROPEAN CO LTD
001b000003OCd1nAAD,Hertz UK Ltd
001b000003OCdAzAAL,Hitachi Capital Vehicle Solutions Ltd
001b000003OCclWAAT,Hogan Lovells International LLP
001b000003OCdnaAAD,HONDA MOTOR EUROPE LTD
001b000003OCd7xAAD,Hyundai Motor UK Ltd
001b000003OCco3AAD,Inchcape Fleet Solutions
001b000003OCdnbAAD,ISUZU (UK) LTD
001b000003OCd7yAAD,Iveco Ltd
001b000003OCd7zAAD,Jaguar Land Rover Limited
001b000003OCdndAAD,Kawasaki Motors Europe N.V.
001b000003OCd80AAD,Kia Motors (UK) Ltd
001b000003OCco6AAD,Knowles Associates Total Fleet Management Ltd
001b000003OCeB9AAL,L&A Consultants Ltd
001b000003OCdwJAAT,Leasedrive Limited
001b000003OCco4AAD,Leasedrive Velo
001b000003OCco5AAD,LeasePlan UK Limited
001b000003OCcoCAAT,Lex Autolease
001b000003OCcf9AAD,Linklaters LLP
001b000003Xrof3AAB,LM Information Delivery UK Limited
001b000003OCdwLAAT,Lookers Leasing Limited
001b000003OCdJKAA1,Maidstone & Tunbridge Wells NHS Trust
001b000003OCd81AAD,MAN Truck & Bus UK Ltd
001b000003OCdnfAAD,MERCEDES BENZ TRUCK & VAN
001b000003OCdwKAAT,Mercedes-Benz Financial Services UK Limited (Daimler Fleet Management)
001b000003OCd0mAAD,MERCEDES-BENZ UK Ltd
001b000003OCcxnAAD,Michelin Tyre Plc
001b000003hYwCSAA0,Mills & Reeve LLP
001b000003OCd6aAAD,Nissan Motor GB Ltd
001b000003qnHVDAA2,Norton Rose Fulbright LLP
001b000003OCdapAAD,Ortus Technology Limited
001b000003qnHXTAA2,Osborne Clarke LLP
001b000003OCcyGAAT,Pennine Acute Hospitals NHS Trust
001b000003OCd1pAAD,Peugeot Motor Company plc
001b000003OCf9HAAT,Piaggio & C Spa
001b000003hYwJnAAK,Pinsent Mason
001b000003OCcbiAAD,PricewaterhouseCoopers LLP
001b000003OCeBCAA1,Quartix Limited
001b000003OCdnhAAD,RENAULT TRUCKS UK LTD
001b000003OCd1tAAD,Renault UK Ltd
001b000003OCdJMAA1,Royal Devon & Exeter NHS Foundation Trust
001b000003OCeAJAA1,Royal Devon and Exeter Hospital
001b000003OCeBDAA1,RSG Engineering Ltd
001b000003OCdB2AAL,Ryder Ltd
001b000003OCcyuAAD,Salisbury Healthcare NHS Trust
001b000003OCd82AAD,SEAT UK Ltd
001b000003OCcd0AAD,Simmons & Simmons LLP
001b000003OCeBEAA1,Simplytrak Limited
001b000003OCd83AAD,Skoda Auto UK
001b000003OCcfKAAT,Slaughter & May
001b000003OCdNXAA1,Stephenson Harwood LLP
001b000003OCdniAAD,SUBARU (UK) LTD
001b000003OCdnjAAD,SUZUKI GB PLC
001b000003OCeAKAA1,Synergy Health Managed Services Ltd
001b000003OCczHAAT,Synergy Health PLC
001b000003OCd1kAAD,TC Harrison Group Ltd
001b000003YPGVIAA5,TELETRAC NAVMAN (UK) LTD
001b000003OCeBFAA1,Terrafix Ltd
001b000003OCd6zAAD,The Colt Car Company Limited
001b000003hYwGKAA0,TLT LLP
001b000003OCd1WAAT,Toyota (GB) PLC
001b000003OCdnkAAD,TOYOTA (GIBRALTAR) STOCKHOLDINGS LIMITED
001b000003OCeBGAA1,Trimble Europe B.V.
001b000003OCe0JAAT,UK Telematics Limited
001b000003OCeBHAA1,Vision Unique Equipment Ltd
001b000003OCd84AAD,Volkswagen (UK) Ltd
001b000003OCd85AAD,Volkswagen Commercial Vehicles
001b000003OCdB6AAL,Volkswagen Financial Services (UK) Ltd
001b000003OCd1dAAD,Volvo Cars UK Ltd
001b000003OCdnlAAD,WHALE TANKERS LTD
001b000003OCd86AAD,Yamaha Motor (UK) Ltd
